#,Keyword,Source,Post Title,Post Link,Phone,Email,Price,Location,Scraped At
1,i need job,PROPERTYFINDER,فيلا للإيجار في حي النهضة – موقع مميز وسكن عائلي ه,https://www.propertyfinder.sa/en/plp/rent/villa-for-rent-makkah-al-mukarramah-jeddah-an-nahdah-51338970.html,,,"85,000 SAR",Jeddah,2026-07-13 16:55:46
2,i need job,PROPERTYFINDER,فيلا للإيجار في حي النهضة – موقع مميز وسكن عائلي ه,https://www.propertyfinder.sa/en/plp/rent/villa-for-rent-makkah-al-mukarramah-jeddah-an-nahdah-51338970.html,,,"85,000 SAR",Jeddah,2026-07-13 16:55:46
3,i need job,PROPERTYFINDER,فيلا للإيجار في حي النهضة – موقع مميز وسكن عائلي ه,https://www.propertyfinder.sa/en/plp/rent/villa-for-rent-makkah-al-mukarramah-jeddah-an-nahdah-51338970.html,,,"85,000 SAR",Jeddah,2026-07-13 16:55:46
4,i need job,PROPERTYFINDER,فيلا للإيجار في حي النهضة – موقع مميز وسكن عائلي ه,https://www.propertyfinder.sa/en/plp/rent/villa-for-rent-makkah-al-mukarramah-jeddah-an-nahdah-51338970.html,,,"85,000 SAR",Jeddah,2026-07-13 16:55:46
5,i need job,PROPERTYFINDER,,https://www.propertyfinder.sa/en/plp/rent/villa-for-rent-makkah-al-mukarramah-jeddah-an-nahdah-51338970.html,,,14,,2026-07-13 16:55:46
6,i need job,PROPERTYFINDER,,https://www.propertyfinder.sa/en/plp/rent/villa-for-rent-makkah-al-mukarramah-jeddah-an-nahdah-51338970.html,,,14,,2026-07-13 16:55:46
7,i need job,PROPERTYFINDER,فيلا للإيجار في حي النهضة – موقع مميز وسكن عائلي ه,,,,"85,000 SAR",Jeddah,2026-07-13 16:55:46
8,i need job,PROPERTYFINDER,Flow Granada – A Premier Family-Friendly Compound,https://www.propertyfinder.sa/en/plp/rent/apartment-for-rent-ar-riyadh-ashuhada-2PuKJTqvjRg.html,,,"221,000 SAR",Riyadh,2026-07-13 16:55:46
9,i need job,PROPERTYFINDER,Flow Granada – A Premier Family-Friendly Compound,https://www.propertyfinder.sa/en/plp/rent/apartment-for-rent-ar-riyadh-ashuhada-2PuKJTqvjRg.html,,,"221,000 SAR",Riyadh,2026-07-13 16:55:46
10,i need job,PROPERTYFINDER,Flow Granada – A Premier Family-Friendly Compound,https://www.propertyfinder.sa/en/plp/rent/apartment-for-rent-ar-riyadh-ashuhada-2PuKJTqvjRg.html,,,"221,000 SAR",Riyadh,2026-07-13 16:55:46
11,i need job,PROPERTYFINDER,,https://www.propertyfinder.sa/en/plp/rent/apartment-for-rent-ar-riyadh-ashuhada-2PuKJTqvjRg.html,,,20,,2026-07-13 16:55:46
12,i need job,PROPERTYFINDER,,https://www.propertyfinder.sa/en/plp/rent/apartment-for-rent-ar-riyadh-ashuhada-2PuKJTqvjRg.html,,,20,,2026-07-13 16:55:46
13,i need job,PROPERTYFINDER,Flow Granada – A Premier Family-Friendly Compound,,,,"221,000 SAR",Riyadh,2026-07-13 16:55:46
14,i need job,PROPERTYFINDER,Nuzul R296 – Furnished Apartment for Rent,https://www.propertyfinder.sa/en/plp/rent/apartment-for-rent-ar-riyadh-irqah-51795117.html,,,"120,000 SAR",Riyadh,2026-07-13 16:55:46
15,i need job,PROPERTYFINDER,Nuzul R296 – Furnished Apartment for Rent,https://www.propertyfinder.sa/en/plp/rent/apartment-for-rent-ar-riyadh-irqah-51795117.html,,,"120,000 SAR",Riyadh,2026-07-13 16:55:46
16,i need job,PROPERTYFINDER,Nuzul R296 – Furnished Apartment for Rent,https://www.propertyfinder.sa/en/plp/rent/apartment-for-rent-ar-riyadh-irqah-51795117.html,,,"120,000 SAR",Riyadh,2026-07-13 16:55:46
17,i need job,PROPERTYFINDER,,https://www.propertyfinder.sa/en/plp/rent/apartment-for-rent-ar-riyadh-irqah-51795117.html,,,16,,2026-07-13 16:55:46
18,i need job,PROPERTYFINDER,,https://www.propertyfinder.sa/en/plp/rent/apartment-for-rent-ar-riyadh-irqah-51795117.html,,,16,,2026-07-13 16:55:46
19,i need job,PROPERTYFINDER,,https://www.propertyfinder.sa/en/plp/rent/apartment-for-rent-ar-riyadh-irqah-51795117.html,,,,,2026-07-13 16:55:46
20,i need job,PROPERTYFINDER,,https://www.propertyfinder.sa/en/plp/rent/apartment-for-rent-ar-riyadh-irqah-51795117.html,,,,,2026-07-13 16:55:46
21,i need job,PROPERTYFINDER,,https://www.propertyfinder.sa/en/plp/rent/apartment-for-rent-ar-riyadh-irqah-51795117.html,,,,,2026-07-13 16:55:46
22,i need job,PROPERTYFINDER,,https://www.propertyfinder.sa/en/plp/rent/apartment-for-rent-ar-riyadh-irqah-51795117.html,,,,,2026-07-13 16:55:46
23,i need job,PROPERTYFINDER,Nuzul R296 – Furnished Apartment for Rent,,,,"120,000 SAR",Riyadh,2026-07-13 16:55:46
24,i need job,PROPERTYFINDER,Nuzul R293 – Furnished Apartment for Rent,https://www.propertyfinder.sa/en/plp/rent/apartment-for-rent-ar-riyadh-al-olaya-51795115.html,,,"120,000 SAR",Riyadh,2026-07-13 16:55:46
25,i need job,PROPERTYFINDER,Nuzul R293 – Furnished Apartment for Rent,https://www.propertyfinder.sa/en/plp/rent/apartment-for-rent-ar-riyadh-al-olaya-51795115.html,,,"120,000 SAR",Riyadh,2026-07-13 16:55:46
26,i need job,PROPERTYFINDER,Nuzul R293 – Furnished Apartment for Rent,https://www.propertyfinder.sa/en/plp/rent/apartment-for-rent-ar-riyadh-al-olaya-51795115.html,,,"120,000 SAR",Riyadh,2026-07-13 16:55:46
27,i need job,PROPERTYFINDER,,https://www.propertyfinder.sa/en/plp/rent/apartment-for-rent-ar-riyadh-al-olaya-51795115.html,,,15,,2026-07-13 16:55:46
28,i need job,PROPERTYFINDER,,https://www.propertyfinder.sa/en/plp/rent/apartment-for-rent-ar-riyadh-al-olaya-51795115.html,,,15,,2026-07-13 16:55:46
29,i need job,PROPERTYFINDER,,https://www.propertyfinder.sa/en/plp/rent/apartment-for-rent-ar-riyadh-al-olaya-51795115.html,,,,,2026-07-13 16:55:46
30,i need job,PROPERTYFINDER,,https://www.propertyfinder.sa/en/plp/rent/apartment-for-rent-ar-riyadh-al-olaya-51795115.html,,,,,2026-07-13 16:55:46
31,i need job,PROPERTYFINDER,,https://www.propertyfinder.sa/en/plp/rent/apartment-for-rent-ar-riyadh-al-olaya-51795115.html,,,,,2026-07-13 16:55:46
32,i need job,PROPERTYFINDER,,https://www.propertyfinder.sa/en/plp/rent/apartment-for-rent-ar-riyadh-al-olaya-51795115.html,,,,,2026-07-13 16:55:46
33,i need job,PROPERTYFINDER,Nuzul R293 – Furnished Apartment for Rent,,,,"120,000 SAR",Riyadh,2026-07-13 16:55:46
34,i need job,PROPERTYFINDER,Fully Furnished Apartment for Annual Rent – Al Gha,https://www.propertyfinder.sa/en/plp/rent/apartment-for-rent-ar-riyadh-al-ghadir-51795095.html,,,"110,000 SAR",Riyadh,2026-07-13 16:55:46
35,i need job,PROPERTYFINDER,Fully Furnished Apartment for Annual Rent – Al Gha,https://www.propertyfinder.sa/en/plp/rent/apartment-for-rent-ar-riyadh-al-ghadir-51795095.html,,,"110,000 SAR",Riyadh,2026-07-13 16:55:46
36,i need job,PROPERTYFINDER,Fully Furnished Apartment for Annual Rent – Al Gha,https://www.propertyfinder.sa/en/plp/rent/apartment-for-rent-ar-riyadh-al-ghadir-51795095.html,,,"110,000 SAR",Riyadh,2026-07-13 16:55:46
37,i need job,PROPERTYFINDER,,https://www.propertyfinder.sa/en/plp/rent/apartment-for-rent-ar-riyadh-al-ghadir-51795095.html,,,17,,2026-07-13 16:55:46
38,i need job,PROPERTYFINDER,,https://www.propertyfinder.sa/en/plp/rent/apartment-for-rent-ar-riyadh-al-ghadir-51795095.html,,,17,,2026-07-13 16:55:46
39,i need job,PROPERTYFINDER,,https://www.propertyfinder.sa/en/plp/rent/apartment-for-rent-ar-riyadh-al-ghadir-51795095.html,,,,,2026-07-13 16:55:46
40,i need job,PROPERTYFINDER,,https://www.propertyfinder.sa/en/plp/rent/apartment-for-rent-ar-riyadh-al-ghadir-51795095.html,,,,,2026-07-13 16:55:46
41,i need job,PROPERTYFINDER,,https://www.propertyfinder.sa/en/plp/rent/apartment-for-rent-ar-riyadh-al-ghadir-51795095.html,,,,,2026-07-13 16:55:46
42,i need job,PROPERTYFINDER,,https://www.propertyfinder.sa/en/plp/rent/apartment-for-rent-ar-riyadh-al-ghadir-51795095.html,,,,,2026-07-13 16:55:46
43,i need job,PROPERTYFINDER,Fully Furnished Apartment for Annual Rent – Al Gha,,,,"110,000 SAR",Riyadh,2026-07-13 16:55:46
44,i need job,PROPERTYFINDER,Fully Furnished Apartment for Annual Rent – Qurtub,https://www.propertyfinder.sa/en/plp/rent/apartment-for-rent-ar-riyadh-riyadh-qurtubah-51795086.html,,,"98,000 SAR",Riyadh,2026-07-13 16:55:46
45,i need job,PROPERTYFINDER,Fully Furnished Apartment for Annual Rent – Qurtub,https://www.propertyfinder.sa/en/plp/rent/apartment-for-rent-ar-riyadh-riyadh-qurtubah-51795086.html,,,"98,000 SAR",Riyadh,2026-07-13 16:55:46
46,i need job,PROPERTYFINDER,Fully Furnished Apartment for Annual Rent – Qurtub,https://www.propertyfinder.sa/en/plp/rent/apartment-for-rent-ar-riyadh-riyadh-qurtubah-51795086.html,,,"98,000 SAR",Riyadh,2026-07-13 16:55:46
47,i need job,PROPERTYFINDER,,https://www.propertyfinder.sa/en/plp/rent/apartment-for-rent-ar-riyadh-riyadh-qurtubah-51795086.html,,,19,,2026-07-13 16:55:46
48,i need job,PROPERTYFINDER,,https://www.propertyfinder.sa/en/plp/rent/apartment-for-rent-ar-riyadh-riyadh-qurtubah-51795086.html,,,19,,2026-07-13 16:55:46
49,i need job,PROPERTYFINDER,,https://www.propertyfinder.sa/en/plp/rent/apartment-for-rent-ar-riyadh-riyadh-qurtubah-51795086.html,,,,,2026-07-13 16:55:46
50,i need job,PROPERTYFINDER,,https://www.propertyfinder.sa/en/plp/rent/apartment-for-rent-ar-riyadh-riyadh-qurtubah-51795086.html,,,,,2026-07-13 16:55:46
51,i need job,EXPATRIATES,"expatriates.com
                    The online community for expatriates",,,,,,2026-07-13 16:56:11
52,i need job,EXPATRIATES,,https://www.expatriates.com/classifieds/,,,,,2026-07-13 16:56:11
53,i need job,EXPATRIATES,,https://www.expatriates.com/classifieds/,,,,,2026-07-13 16:56:12